nli_id,nli_url,heb_heading,rom_heading,wikidata,wikidata_url,wikidata_says,wikidata_label,kima_id,kima_url,kima_heb,kima_rom,kima_location_type_id,kima_location_type_meaning,distance_km,feature_extent_km,classifier_bucket,classifier_bucket_meaning,period,why_skipped
987007543674705171,https://www.nli.org.il/he/authorities/987007543674705171,אוקיאניה,Oceania,Q55643,https://www.wikidata.org/wiki/Q55643,continent / region / subcontinent / region / part of the world / continent,Oceania,2850,https://data.geo-kima.org/Places/Details/2850,אוקיאניה,Oceania,2,region / extended feature,2797.7,3385.1,extended-feature,both points lie on the feature — no real move,20241028-20241103,type is one where a qualifier would be wrong (continent / region / subcontinent / region / part of the world / continent)
987007282651805171,https://www.nli.org.il/he/authorities/987007282651805171,צפון מזרח ברזיל,"Brazil, Northeast",Q1136194,https://www.wikidata.org/wiki/Q1136194,region of Brazil,,1821,https://data.geo-kima.org/Places/Details/1821,צפון מזרח ברזיל,"Brazil, Northeast",0,no type recorded in Kima,427.2,1406.8,extended-feature,both points lie on the feature — no real move,20250122-20250128,no Hebrew type word mapped for: region of Brazil
987007550542405171,https://www.nli.org.il/he/authorities/987007550542405171,מחוז אפאצ'י (אריזונה),Apache County (Ariz.),Q58771,https://www.wikidata.org/wiki/Q58771,county of Arizona,Apache County,11829,https://data.geo-kima.org/Places/Details/11829,מחוז אפאצ'י (אריזונה),Apache County (Ariz.),1,settlement / point feature,46.6,192.3,extended-feature,both points lie on the feature — no real move,20250129-20250204,no Hebrew type word mapped for: county of Arizona
987007292903905171,https://www.nli.org.il/he/authorities/987007292903905171,"אלאמו (סן אנטוניו, טקסס)","Alamo (San Antonio, Tex.)",Q981989,https://www.wikidata.org/wiki/Q981989,mission station / fortification / city in the United States,Alamo,1912,https://data.geo-kima.org/Places/Details/1912,"אלאמו (סן אנטוניו, טקסס)","Alamo (San Antonio, Tex.)",1,settlement / point feature,362.2,5.0,homonym,two same-named places; which one did NLI mean,20250212-20250218,no Hebrew type word mapped for: mission station / fortification / city in the United States
987007555456905171,https://www.nli.org.il/he/authorities/987007555456905171,פיניקיה,Phoenicia,Q41642,https://www.wikidata.org/wiki/Q41642,historical country / style,Phoenicia,14066,https://data.geo-kima.org/Places/Details/14066,פיניקיה,Phoenicia,2,region / extended feature,8944.3,,nli-coords-wrong,Wikidata backs Kima's point; NLI's stands alone,20250212-20250218,no Hebrew type word mapped for: historical country / style
987007543469105171,https://www.nli.org.il/he/authorities/987007543469105171,גיאנה (אזור),Guiana,Q734,https://www.wikidata.org/wiki/Q734,region / sovereign state / country,Guyana,1298,https://data.geo-kima.org/Places/Details/1298,גיאנה (אזור),Guiana,2,region / extended feature,391.8,523.2,extended-feature,both points lie on the feature — no real move,20250212-20250218,type is one where a qualifier would be wrong (region / sovereign state / country)
987007563842205171,https://www.nli.org.il/he/authorities/987007563842205171,קו המשווה,Equator,Q23538,https://www.wikidata.org/wiki/Q23538,great circle / circle of latitude / equator,,5045,https://data.geo-kima.org/Places/Details/5045,קו המשווה,Equator,0,no type recorded in Kima,20015.1,40075.0,extended-feature,both points lie on the feature — no real move,20250212-20250218,no Hebrew type word mapped for: great circle / circle of latitude / equator
987007426101505171,https://www.nli.org.il/he/authorities/987007426101505171,פארק בגין (ישראל),Park Begin (Israel),Q6603577,https://www.wikidata.org/wiki/Q6603577,park / park,Menahem Begin Park,26126,https://data.geo-kima.org/Places/Details/26126,פארק בגין (ישראל),Park Begin (Israel),1,settlement / point feature,44.0,100.9,extended-feature,both points lie on the feature — no real move,20250402-20250408,no Hebrew type word mapped for: park / park
987007557268205171,https://www.nli.org.il/he/authorities/987007557268205171,אספיריטו סנטו (ברזיל : מדינה),Espírito Santo (Brazil : State),Q43233,https://www.wikidata.org/wiki/Q43233,federative unit of Brazil,Espírito Santo,6161,https://data.geo-kima.org/Places/Details/6161,אספיריטו סנטו (ברזיל : מדינה),Espirito Santo (Brazil : State),2,region / extended feature,64.7,242.2,extended-feature,both points lie on the feature — no real move,20251223-20251229,no Hebrew type word mapped for: federative unit of Brazil
987007285397305171,https://www.nli.org.il/he/authorities/987007285397305171,שביל קוקודה (פפואה גינאה החדשה),Kokoda Trail (Papua New Guinea),Q1424748,https://www.wikidata.org/wiki/Q1424748,trail,Kokoda Track,1710,https://data.geo-kima.org/Places/Details/1710,שביל קוקודה (פפואה גינאה החדשה),Kokoda Trail (Papua New Guinea),1,settlement / point feature,91.4,96.0,extended-feature,both points lie on the feature — no real move,20260219-20260225,no Hebrew type word mapped for: trail
987007543995505171,https://www.nli.org.il/he/authorities/987007543995505171,שביל נוף לאומי תקופת הקרח (ויסקונסין),Ice Age National Scenic Trail (Wis.),Q49504499,https://www.wikidata.org/wiki/Q49504499,park / National Scenic Trail,Ice Age National Scenic Trail,3492,https://data.geo-kima.org/Places/Details/3492,שביל נוף לאומי תקופת הקרח (ויסקונסין),Ice Age National Scenic Trail (Wis.),1,settlement / point feature,99.0,,extended-feature,both points lie on the feature — no real move,20260219-20260225,no Hebrew type word mapped for: park / National Scenic Trail
987007536002505171,https://www.nli.org.il/he/authorities/987007536002505171,גרנד בנקס של ניופאונדלנד,Grand Banks of Newfoundland,Q913793,https://www.wikidata.org/wiki/Q913793,ocean bank,Grand Banks of Newfoundland,1456,https://data.geo-kima.org/Places/Details/1456,גרנד בנקס של ניופאונדלנד,Grand Banks of Newfoundland,2,region / extended feature,160.0,,nli-coords-wrong,Wikidata backs Kima's point; NLI's stands alone,20260219-20260225,no Hebrew type word mapped for: ocean bank
987007554341405171,https://www.nli.org.il/he/authorities/987007554341405171,נקודת סנט ג'ורג' (קליפורניה),"Saint George, Point (Calif.)",Q27459332,https://www.wikidata.org/wiki/Q27459332,point,Saint Georges Point,5030,https://data.geo-kima.org/Places/Details/5030,נקודת סנט ג'ורג' (קליפורניה),"Saint George, Point (Calif.)",1,settlement / point feature,11594.6,,homonym,two same-named places; which one did NLI mean,20260219-20260225,no Hebrew type word mapped for: point
987007566238705171,https://www.nli.org.il/he/authorities/987007566238705171,אזוואד (מאלי),Azaouâd (Mali),Q43937,https://www.wikidata.org/wiki/Q43937,administrative territorial entity / quasi-state,Azawad,5876,https://data.geo-kima.org/Places/Details/5876,אזוואד (מאלי),Azaouâd (Mali),1,settlement / point feature,436.0,1089.6,extended-feature,both points lie on the feature — no real move,20260219-20260225,type is one where a qualifier would be wrong (administrative territorial entity / quasi-state)
987007529816305171,https://www.nli.org.il/he/authorities/987007529816305171,מרכז יוון ואביה (יוון),Central Greece and Euboea (Greece),Q199580,https://www.wikidata.org/wiki/Q199580,administrative region of Greece,Central Greece Region,3233,https://data.geo-kima.org/Places/Details/3233,מרכז יוון ואביה (יוון),Central Greece and Euboea (Greece),1,settlement / point feature,58.7,140.7,extended-feature,both points lie on the feature — no real move,20260219-20260225,no Hebrew type word mapped for: administrative region of Greece
987007546927705171,https://www.nli.org.il/he/authorities/987007546927705171,וייטנאם הצפונית,"Vietnam, Northern",Q2428694,https://www.wikidata.org/wiki/Q2428694,"Northern, Central and Southern Vietnam",Northern Vietnam,5850,https://data.geo-kima.org/Places/Details/5850,ויטנם הצפונית,"Vietnam, Northern",0,no type recorded in Kima,51.9,,extended-feature,both points lie on the feature — no real move,20260219-20260225,"no Hebrew type word mapped for: Northern, Central and Southern Vietnam"
987007531754105171,https://www.nli.org.il/he/authorities/987007531754105171,פארק לאומי סרנגטי (טנזניה),Serengeti National Park (Tanzania),Q11812902,https://www.wikidata.org/wiki/Q11812902,transboundary protected area,Serengeti National Park,2090,https://data.geo-kima.org/Places/Details/2090,פארק לאומי סרנגטי (טנזניה),Serengeti National Park (Tanzania),1,settlement / point feature,29.6,137.1,extended-feature,both points lie on the feature — no real move,20260219-20260225,no Hebrew type word mapped for: transboundary protected area
987007551346305171,https://www.nli.org.il/he/authorities/987007551346305171,סיירה (אקוודור),Sierra (Ecuador),Q2404229,https://www.wikidata.org/wiki/Q2404229,highland,Sierra Region of Ecuador,3462,https://data.geo-kima.org/Places/Details/3462,סיירה (אקוודור),Sierra (Ecuador),1,settlement / point feature,124.3,,extended-feature,both points lie on the feature — no real move,20260219-20260225,no Hebrew type word mapped for: highland
987007560553605171,https://www.nli.org.il/he/authorities/987007560553605171,היספניולה,Hispaniola,Q25277,https://www.wikidata.org/wiki/Q25277,island,Hispaniola,1311,https://data.geo-kima.org/Places/Details/1311,היספניולה,Hispaniola,0,no type recorded in Kima,9128.4,314.9,nli-coords-wrong,Wikidata backs Kima's point; NLI's stands alone,20260219-20260225,no Hebrew type word mapped for: island
987007550543905171,https://www.nli.org.il/he/authorities/987007550543905171,ריו דה לה פלטה (מלכות משנה),Río de la Plata (Viceroyalty),Q210551,https://www.wikidata.org/wiki/Q210551,viceroyalty of the Spanish Empire,,9397,https://data.geo-kima.org/Places/Details/9397,ריו דה לה פלטה (מחוז),Río de la Plata (Viceroyalty),0,no type recorded in Kima,155.9,,kima-coords-wrong,kima-coords-wrong,20260409-20260415,no Hebrew type word mapped for: viceroyalty of the Spanish Empire
987007566799105171,https://www.nli.org.il/he/authorities/987007566799105171,מרה ורומסדל (נורווגיה),Møre og Romsdal fylke (Norway),Q50627,https://www.wikidata.org/wiki/Q50627,county of Norway,Møre og Romsdal,82520,https://data.geo-kima.org/Places/Details/82520,מרה ורומסדל (נורבגיה),Møre og Romsdal fylke (Norway),0,no type recorded in Kima,26.4,138.7,extended-feature,both points lie on the feature — no real move,20260727-20260727,no Hebrew type word mapped for: county of Norway
987007566799405171,https://www.nli.org.il/he/authorities/987007566799405171,אנגליה,England,Q21,https://www.wikidata.org/wiki/Q21,constituent country of the United Kingdom / cultural area / nation / country,England,12708,https://data.geo-kima.org/Places/Details/12708,אנגליה,England,2,region / extended feature,90.8,429.3,extended-feature,both points lie on the feature — no real move,20260727-20260727,type is one where a qualifier would be wrong (constituent country of the United Kingdom / cultural area / nation / country)
987007562363005171,https://www.nli.org.il/he/authorities/987007562363005171,קיליקיה,Cilicia,Q620864,https://www.wikidata.org/wiki/Q620864,region / area / historical region,Cilicia,14137,https://data.geo-kima.org/Places/Details/14137,קיליקיה,Cilicia,2,region / extended feature,16055.5,,homonym,two same-named places; which one did NLI mean,20260727-20260727,type is one where a qualifier would be wrong (region / area / historical region)
987007560014405171,https://www.nli.org.il/he/authorities/987007560014405171,חלב (סוריה : פרובינציה),Aleppo (Syria : Province),Q41183,https://www.wikidata.org/wiki/Q41183,governorate of Syria / city / big city / populated place in Syria,Aleppo,15119,https://data.geo-kima.org/Places/Details/15119,חלב (סוריה : פרובינציה),Aleppo (Syria : Province),2,region / extended feature,26.0,153.4,extended-feature,both points lie on the feature — no real move,20260727-20260727,type is one where a qualifier would be wrong (governorate of Syria / city / big city / populated place in Syria)
987007567546605171,https://www.nli.org.il/he/authorities/987007567546605171,אזור הצפון (גאנה),Northern Region (Ghana),Q2559686,https://www.wikidata.org/wiki/Q2559686,region of Uganda,Northern Region,16278,https://data.geo-kima.org/Places/Details/16278,אזור הצפון (גאנה),Northern Region (Ghana),1,settlement / point feature,3710.2,329.7,homonym,two same-named places; which one did NLI mean,20260727-20260727,no Hebrew type word mapped for: region of Uganda
987007561903605171,https://www.nli.org.il/he/authorities/987007561903605171,קורדופן (סודאן : פרובינציה),Kordofan (Sudan : Province),Q31264422,https://www.wikidata.org/wiki/Q31264422,,Kordofan,9899,https://data.geo-kima.org/Places/Details/9899,קורדופן (סודאן : פרובינציה),Kordofan (Sudan),1,settlement / point feature,287.5,,nli-coords-wrong,Wikidata backs Kima's point; NLI's stands alone,20260727-20260727,no Hebrew type word mapped for: no P31
987007567081305171,https://www.nli.org.il/he/authorities/987007567081305171,מנטש (בייליק),Menteşe (Beylik),,,,,12122,https://data.geo-kima.org/Places/Details/12122,מנטש (בייליק),Menteşe (Beylik),1,settlement / point feature,625.9,234.6,no-wd,no Wikidata entity to arbitrate with,20260727-20260727,no Hebrew type word mapped for: no P31
987007561914205171,https://www.nli.org.il/he/authorities/987007561914205171,צ'יוואווה (מקסיקו : מדינה),Chihuahua (Mexico : State),Q655,https://www.wikidata.org/wiki/Q655,state of Mexico,Chihuahua,8952,https://data.geo-kima.org/Places/Details/8952,צ'יוואווה (מקסיקו : מדינה),Chihuahua (Mexico : State),2,region / extended feature,57.8,561.3,extended-feature,both points lie on the feature — no real move,20260727-20260727,no Hebrew type word mapped for: state of Mexico
987007581532005171,https://www.nli.org.il/he/authorities/987007581532005171,בני וואניף (אלג'יריה),Banī Wanīf (Algeria),Q3019615,https://www.wikidata.org/wiki/Q3019615,district of Algeria,Béni Ounif District,24643,https://data.geo-kima.org/Places/Details/24643,בני וואניף (אלג'יריה),Béni Ounif (Algeria),1,settlement / point feature,51.4,145.4,extended-feature,both points lie on the feature — no real move,20260727-20260727,no Hebrew type word mapped for: district of Algeria
987007561908705171,https://www.nli.org.il/he/authorities/987007561908705171,גרמפיאן (סקוטלנד),Grampian (Scotland),Q1542364,https://www.wikidata.org/wiki/Q1542364,Scottish region,Grampian,9883,https://data.geo-kima.org/Places/Details/9883,גרמפיאן (סקוטלנד),Grampian (Scotland),1,settlement / point feature,380.7,,nli-coords-wrong,Wikidata backs Kima's point; NLI's stands alone,20260727-20260727,no Hebrew type word mapped for: Scottish region
987007567638605171,https://www.nli.org.il/he/authorities/987007567638605171,אוזבקיסטן,Uzbekistan,Q265,https://www.wikidata.org/wiki/Q265,sovereign state / doubly landlocked country / country,Uzbekistan,17990,https://data.geo-kima.org/Places/Details/17990,אוזבקיסטן,Uzbekistan,2,region / extended feature,126.7,852.1,extended-feature,both points lie on the feature — no real move,20260727-20260727,type is one where a qualifier would be wrong (sovereign state / doubly landlocked country / country)
987007564562205171,https://www.nli.org.il/he/authorities/987007564562205171,יונאן שנג (סין),Yunnan Sheng (China),Q43194,https://www.wikidata.org/wiki/Q43194,province of China,Yunnan,10789,https://data.geo-kima.org/Places/Details/10789,יונאן שנג (סין),Yunnan Sheng (China),1,settlement / point feature,1959.3,708.4,nli-coords-wrong,Wikidata backs Kima's point; NLI's stands alone,20260727-20260727,no Hebrew type word mapped for: province of China
987007564339005171,https://www.nli.org.il/he/authorities/987007564339005171,בוליבר (קולומביה : מחוז),Bolívar (Colombia : Department),Q230597,https://www.wikidata.org/wiki/Q230597,department of Colombia,Bolívar Department,7845,https://data.geo-kima.org/Places/Details/7845,בוליבר (קולומביה : מחוז),Bolívar (Colombia : Dept.),2,region / extended feature,3105.5,181.9,nli-coords-wrong,Wikidata backs Kima's point; NLI's stands alone,20260727-20260727,no Hebrew type word mapped for: department of Colombia
987007567022305171,https://www.nli.org.il/he/authorities/987007567022305171,הטריטוריות הצפון-מערביות (קנדה),Northwest Territories,Q2007,https://www.wikidata.org/wiki/Q2007,territory of Canada,Northwest Territories,14586,https://data.geo-kima.org/Places/Details/14586,הטריטוריות הצפון-מערביות (קנדה),Northwest Territories,2,region / extended feature,142.2,1309.2,extended-feature,both points lie on the feature — no real move,20260727-20260727,no Hebrew type word mapped for: territory of Canada
987007564587605171,https://www.nli.org.il/he/authorities/987007564587605171,פרובינציה צפון מערב (קמרון),North-West Province (Cameroon),Q823946,https://www.wikidata.org/wiki/Q823946,region of Cameroon / electoral unit,Northwest,10945,https://data.geo-kima.org/Places/Details/10945,מחוז צפון מערב (קמרון),North-West Province (Cameroon),1,settlement / point feature,56.5,148.4,extended-feature,both points lie on the feature — no real move,20260727-20260727,no Hebrew type word mapped for: region of Cameroon / electoral unit
987007562308905171,https://www.nli.org.il/he/authorities/987007562308905171,פרובינציה מילן ביי (פפואה גינאה החדשה),Milne Bay Province (Papua New Guinea),Q874962,https://www.wikidata.org/wiki/Q874962,province of Papua New Guinea,Milne Bay Province,15374,https://data.geo-kima.org/Places/Details/15374,מחוז מילן ביי (פפואה גינאה החדשה),Milne Bay Province (Papua New Guinea),1,settlement / point feature,35.3,135.1,extended-feature,both points lie on the feature — no real move,20260727-20260727,no Hebrew type word mapped for: province of Papua New Guinea
987007562000805171,https://www.nli.org.il/he/authorities/987007562000805171,מחוז דונה אנה (ניו מקסיקו),Doña Ana County (N.M.),Q112953,https://www.wikidata.org/wiki/Q112953,county of New Mexico,Doña Ana County,11287,https://data.geo-kima.org/Places/Details/11287,מחוז דונה אנה (ניו מקסיקו),Doña Ana County (N.M.),1,settlement / point feature,85.3,112.2,extended-feature,both points lie on the feature — no real move,20260727-20260727,no Hebrew type word mapped for: county of New Mexico
987007567035605171,https://www.nli.org.il/he/authorities/987007567035605171,מחוז מבולו (טנזניה),Mbulu District (Tanzania),Q1009154,https://www.wikidata.org/wiki/Q1009154,district of Tanzania,Mbulu District,14593,https://data.geo-kima.org/Places/Details/14593,מחוז מבולו (טנזניה),Mbulu District (Tanzania),1,settlement / point feature,22.4,61.3,extended-feature,both points lie on the feature — no real move,20260727-20260727,no Hebrew type word mapped for: district of Tanzania
987007567509405171,https://www.nli.org.il/he/authorities/987007567509405171,פרובינציה מזרח בריטניה החדש (פפואה גינאה החדשה),East New Britain Province (Papua New Guinea),Q753702,https://www.wikidata.org/wiki/Q753702,province of Papua New Guinea,East New Britain Province,17680,https://data.geo-kima.org/Places/Details/17680,מחוז מזרח בריטניה החדש (פפואה גינאה החדשה),East New Britain Province (Papua New Guinea),1,settlement / point feature,220.5,141.5,nli-coords-wrong,Wikidata backs Kima's point; NLI's stands alone,20260727-20260727,no Hebrew type word mapped for: province of Papua New Guinea
987007567510605171,https://www.nli.org.il/he/authorities/987007567510605171,פרובינציה מערב ניו בריטן (פפואה גינאה החדשה),West New Britain Province (Papua New Guinea),Q667468,https://www.wikidata.org/wiki/Q667468,province of Papua New Guinea,West New Britain Province,17681,https://data.geo-kima.org/Places/Details/17681,מחוז מערב ניו בריטן (פפואה גינאה החדשה),West New Britain Province (Papua New Guinea),1,settlement / point feature,104.1,161.1,extended-feature,both points lie on the feature — no real move,20260727-20260727,no Hebrew type word mapped for: province of Papua New Guinea
987007567497705171,https://www.nli.org.il/he/authorities/987007567497705171,נורד-קיוו (קונגו),Nord-Kivu (Congo),Q130625,https://www.wikidata.org/wiki/Q130625,province of the Democratic Republic of the Congo,North Kivu,17708,https://data.geo-kima.org/Places/Details/17708,נורד-קיוו (קונגו),Nord-Kivu (Congo),1,settlement / point feature,125.2,275.2,extended-feature,both points lie on the feature — no real move,20260727-20260727,no Hebrew type word mapped for: province of the Democratic Republic of the Congo
987007560357105171,https://www.nli.org.il/he/authorities/987007560357105171,מחוז טיבט מולי (סין),Muli Zangzu Zizhixian (China),Q28794767,https://www.wikidata.org/wiki/Q28794767,autonomous county,Muli Zangzu Zizhixian,16174,https://data.geo-kima.org/Places/Details/16174,מחוז טיבט מולי (סין),Muli Zangzu Zizhixian (China),1,settlement / point feature,71.6,129.7,extended-feature,both points lie on the feature — no real move,20260727-20260727,no Hebrew type word mapped for: autonomous county
987007566846305171,https://www.nli.org.il/he/authorities/987007566846305171,מחוז יומה (אריזונה),Yuma County (Ariz.),Q58698,https://www.wikidata.org/wiki/Q58698,county of Arizona,Yuma County,84300,https://data.geo-kima.org/Places/Details/84300,מחוז יומה (אריזונה),Yuma County (Ariz.),0,no type recorded in Kima,20.5,134.9,extended-feature,both points lie on the feature — no real move,20260727-20260727,no Hebrew type word mapped for: county of Arizona
987007567531005171,https://www.nli.org.il/he/authorities/987007567531005171,מהאג'אנגה (מדגסקר : פרובינציה),Mahajanga (Madagascar : Province),Q669259,https://www.wikidata.org/wiki/Q669259,province of Madagascar,Mahajanga Province,16341,https://data.geo-kima.org/Places/Details/16341,מהאג'אנגה (מדגסקר : פרובינציה),Mahajanga (Madagascar : Province),2,region / extended feature,84.5,437.1,extended-feature,both points lie on the feature — no real move,20260727-20260727,no Hebrew type word mapped for: province of Madagascar
987007566691205171,https://www.nli.org.il/he/authorities/987007566691205171,צ'ונג-צ'ונג-נמדו (קוריאה),Ch'ungch'ŏng-namdo (Korea),Q41070,https://www.wikidata.org/wiki/Q41070,province of South Korea,,11771,https://data.geo-kima.org/Places/Details/11771,צ'ונג-צ'ונג-נמדו (קוריאה),Chʻungchʻŏng-namdo (Korea),0,no type recorded in Kima,22.3,102.2,extended-feature,both points lie on the feature — no real move,20260727-20260727,no Hebrew type word mapped for: province of South Korea
987007566928005171,https://www.nli.org.il/he/authorities/987007566928005171,המחוז היהודי האוטונומי (רוסיה),Evreĭskai︠a︡ avtonomnai︠a︡ oblastʹ (Russia),Q7730,https://www.wikidata.org/wiki/Q7730,autonomous oblast of Russia / federal subject of Russia,Jewish Autonomous Oblast,13615,https://data.geo-kima.org/Places/Details/13615,המחוז היהודי האוטונומי (רוסיה),Evreĭskai︠a︡ avtonomnai︠a︡ oblastʹ (Russia),1,settlement / point feature,67.5,214.9,extended-feature,both points lie on the feature — no real move,20260727-20260727,no Hebrew type word mapped for: autonomous oblast of Russia / federal subject of Russia
987007561967105171,https://www.nli.org.il/he/authorities/987007561967105171,מדינת בורנו (ניגריה),Borno State (Nigeria),Q130626,https://www.wikidata.org/wiki/Q130626,state of Nigeria,Borno State,6206,https://data.geo-kima.org/Places/Details/6206,בורנו (ניגריה : מדינה),Borno State (Nigeria),1,settlement / point feature,66.4,300.4,extended-feature,both points lie on the feature — no real move,20260727-20260727,no Hebrew type word mapped for: state of Nigeria
987007566846705171,https://www.nli.org.il/he/authorities/987007566846705171,מחוז ריאזן (רוסיה),Ri︠a︡zanskai︠a︡ oblastʹ (Russia),Q2746,https://www.wikidata.org/wiki/Q2746,oblast of Russia / federal subject of Russia / administrative divisions of Russia / big city / city or town,Ryazan,10167,https://data.geo-kima.org/Places/Details/10167,מחוז ריאזן (רוסיה),Riazanskaia oblast (Russia),1,settlement / point feature,65.0,224.5,extended-feature,both points lie on the feature — no real move,20260727-20260727,no Hebrew type word mapped for: oblast of Russia / federal subject of Russia / administrative divisions of Russia / big city / city or town
987007566848205171,https://www.nli.org.il/he/authorities/987007566848205171,מחוז סן חואן (ניו מקסיקו),San Juan County (N.M.),Q156265,https://www.wikidata.org/wiki/Q156265,county of New Mexico,,10186,https://data.geo-kima.org/Places/Details/10186,מחוז סן חואן (ניו מקסיקו),San Juan County (N.M.),0,no type recorded in Kima,84.2,134.8,extended-feature,both points lie on the feature — no real move,20260727-20260727,no Hebrew type word mapped for: county of New Mexico
987007567164205171,https://www.nli.org.il/he/authorities/987007567164205171,מחוז אוטונומי קיאנדונגנם מייאוזו דונגזו (סין),Qiandongnan Miaozu Dongzu Zizhizhou (China),Q770297,https://www.wikidata.org/wiki/Q770297,autonomous prefecture,Qiandongnan Miao and Dong Autonomous Prefecture,75644,https://data.geo-kima.org/Places/Details/75644,מחוז אוטונומי קיאנדונגנם מייאוזו דונגזו (סין),Qiandongnan Miaozu Dongzu Zizhizhou (China),0,no type recorded in Kima,62.1,196.4,extended-feature,both points lie on the feature — no real move,20260727-20260727,no Hebrew type word mapped for: autonomous prefecture
987007567229305171,https://www.nli.org.il/he/authorities/987007567229305171,ג'אלוואר (הודו : מחוז),Jhalawar (India : District),Q1471417,https://www.wikidata.org/wiki/Q1471417,district of India,Jhalawar district,16545,https://data.geo-kima.org/Places/Details/16545,ג'אלוואר (הודו : מחוז),Jhalawar (India : District),2,region / extended feature,22.8,,extended-feature,both points lie on the feature — no real move,20260727-20260727,no Hebrew type word mapped for: district of India
987007562453005171,https://www.nli.org.il/he/authorities/987007562453005171,קירואן (תוניסיה : פרובינציה),Qayrawān (Tunisia : Province),Q276574,https://www.wikidata.org/wiki/Q276574,governorate of Tunisia,Kairouan Governorate,83853,https://data.geo-kima.org/Places/Details/83853,קירואן (תוניסיה : פרובינציה),Qayrawān (Tunisia : Province),0,no type recorded in Kima,25.8,92.4,extended-feature,both points lie on the feature — no real move,20260727-20260727,no Hebrew type word mapped for: governorate of Tunisia
987007562661405171,https://www.nli.org.il/he/authorities/987007562661405171,נג'ומבה (טנזניה),Njombe (Tanzania),Q2086273,https://www.wikidata.org/wiki/Q2086273,region of Tanzania,Njombe Region,16761,https://data.geo-kima.org/Places/Details/16761,נג'ומבה (טנזניה),Njombe (Tanzania),1,settlement / point feature,8997.5,164.9,homonym,two same-named places; which one did NLI mean,20260727-20260727,no Hebrew type word mapped for: region of Tanzania
987007564668505171,https://www.nli.org.il/he/authorities/987007564668505171,אנז'ו (צרפת),Anjou (France),Q107426,https://www.wikidata.org/wiki/Q107426,historical province of France,Anjou,14733,https://data.geo-kima.org/Places/Details/14733,אנז'ו (צרפת),Anjou (France),1,settlement / point feature,478.3,,nli-coords-wrong,Wikidata backs Kima's point; NLI's stands alone,20260727-20260727,no Hebrew type word mapped for: historical province of France
987007567282705171,https://www.nli.org.il/he/authorities/987007567282705171,שמלייה (סודאן : מדינה),Shamālīyah (Sudan : State),,,,,15878,https://data.geo-kima.org/Places/Details/15878,שמלייה (סודאן),Shamālīyah (Sudan),1,settlement / point feature,1359.5,,no-wd,no Wikidata entity to arbitrate with,20260727-20260727,no Hebrew type word mapped for: no P31
987007567626905171,https://www.nli.org.il/he/authorities/987007567626905171,בלארוס,Belarus,Q184,https://www.wikidata.org/wiki/Q184,sovereign state / unitary state / social state / country / landlocked country,Belarus,17986,https://data.geo-kima.org/Places/Details/17986,בלארוס,Belarus,2,region / extended feature,21.5,514.1,extended-feature,both points lie on the feature — no real move,20260727-20260727,type is one where a qualifier would be wrong (sovereign state / unitary state / social state / country / landlocked country)
987007562276505171,https://www.nli.org.il/he/authorities/987007562276505171,פלנדריה (בלגיה),Flanders (Belgium),Q234,https://www.wikidata.org/wiki/Q234,community and regional governments / ethnic territory,Flanders,13729,https://data.geo-kima.org/Places/Details/13729,פלנדריה (בלגיה),Flanders (Belgium),1,settlement / point feature,87.5,,extended-feature,both points lie on the feature — no real move,20260727-20260727,no Hebrew type word mapped for: community and regional governments / ethnic territory
987007566859705171,https://www.nli.org.il/he/authorities/987007566859705171,טרואל (ספרד : פרובינציה),Teruel (Spain : Province),Q163303,https://www.wikidata.org/wiki/Q163303,province of Spain / comarca of Aragon,Teruel Community,10842,https://data.geo-kima.org/Places/Details/10842,טרואל (ספרד : פרובינציה),Teruel (Spain : Province),2,region / extended feature,45.3,137.3,extended-feature,both points lie on the feature — no real move,20260727-20260727,no Hebrew type word mapped for: province of Spain / comarca of Aragon
987007565081505171,https://www.nli.org.il/he/authorities/987007565081505171,סטארה (הודו : מחוז),Satara (India : District),Q1135612,https://www.wikidata.org/wiki/Q1135612,district of India,Satara district,16767,https://data.geo-kima.org/Places/Details/16767,סטארה (הודו : מחוז),Satara (India : District),2,region / extended feature,22.2,115.5,extended-feature,both points lie on the feature — no real move,20260728-20260803,no Hebrew type word mapped for: district of India
987007562576505171,https://www.nli.org.il/he/authorities/987007562576505171,דאקלאק (וייטנאם : פרובינציה),Đắk Lắk (Vietnam : Province),Q36690,https://www.wikidata.org/wiki/Q36690,province of Vietnam,Đắk Lắk,72341,https://data.geo-kima.org/Places/Details/72341,דאקלאק (וייטנאם : פרובינציה),Đắk Lắk (Vietnam : Province),0,no type recorded in Kima,23.6,151.8,extended-feature,both points lie on the feature — no real move,20260728-20260803,no Hebrew type word mapped for: province of Vietnam
987007567614305171,https://www.nli.org.il/he/authorities/987007567614305171,מניימה (קונגו),Maniema (Congo),Q130566,https://www.wikidata.org/wiki/Q130566,province of the Democratic Republic of the Congo,Maniema,17961,https://data.geo-kima.org/Places/Details/17961,מניימה (קונגו),Maniema (Congo),1,settlement / point feature,354.0,410.8,extended-feature,both points lie on the feature — no real move,20260728-20260803,no Hebrew type word mapped for: province of the Democratic Republic of the Congo
987007562239605171,https://www.nli.org.il/he/authorities/987007562239605171,מחוז פבלודר (קזחסטן),Pavlodar oblysy (Kazakhstan),Q486144,https://www.wikidata.org/wiki/Q486144,region of Kazakhstan,Pavlodar Region,14748,https://data.geo-kima.org/Places/Details/14748,מחוז פבלודר (קזחסטן),Pavlodar oblysy (Kazakhstan),1,settlement / point feature,72.9,398.6,extended-feature,both points lie on the feature — no real move,20260728-20260803,no Hebrew type word mapped for: region of Kazakhstan
987007562083805171,https://www.nli.org.il/he/authorities/987007562083805171,מחוז מקינלי (ניו מקסיקו),McKinley County (N.M.),Q493250,https://www.wikidata.org/wiki/Q493250,county of New Mexico,McKinley County,8897,https://data.geo-kima.org/Places/Details/8897,מחוז מקינלי (ניו מקסיקו),McKinley County (N.M.),1,settlement / point feature,78.4,134.1,extended-feature,both points lie on the feature — no real move,20260728-20260803,no Hebrew type word mapped for: county of New Mexico
987007567720905171,https://www.nli.org.il/he/authorities/987007567720905171,ורט סור סואר (צרפת),Woerth-sur-Sauer (France),Q1397696,https://www.wikidata.org/wiki/Q1397696,,Canton of Wœrth,17786,https://data.geo-kima.org/Places/Details/17786,ורט סור סואר (צרפת),Woerth-sur-Sauer (France),1,settlement / point feature,37.7,42.0,extended-feature,both points lie on the feature — no real move,20260728-20260803,no Hebrew type word mapped for: no P31
987007324576305171,https://www.nli.org.il/he/authorities/987007324576305171,נצר חזני (ישראל),Netser Ḥazani (Israel),Q2909782,https://www.wikidata.org/wiki/Q2909782,human-geographic territorial entity / Israeli settlement / moshav,Netzer Hazani,26099,https://data.geo-kima.org/Places/Details/26099,נצר חזני (ישראל),Netser Ḥazani (Israel),1,settlement / point feature,70.9,,extended-feature,both points lie on the feature — no real move,20260804-20260810,no Hebrew type word mapped for: human-geographic territorial entity / Israeli settlement / moshav
