bucket	action	confidence	note	suggestA	suggestB	bothInKima	kimaHolderOfA	recordId	category	verdict	heading	dupKey	aRoman	aHeb	aWd	aWdLabel	aWdHe	aP31	aCoords	bId	bRoman	bHeb	bWd	bWdLabel	bP31	bCoords	bStatus	kimaId	kimaHeb	kimaRom	kimaWd	distanceKm	earlierHeadings
heading-drift	update-kima-heading	high	"Kima 2052 already holds this id under ""ריו גרנדה""; NLI now says ""ריו גרנדה (קולורדו-מקסיקו וטקסס)"" — no second record involved"					987011433526905171	dup-variants	kima-unresolved	ריו גרנדה (קולורדו-מקסיקו וטקסס)	ריו גרנדה (קולורדו-מקסיקו וטקסס), Río Bravo del Norte	Rio Grande (Colo.-Mexico and Tex.)	ריו גרנדה (קולורדו-מקסיקו וטקסס)	Q160636	Rio Grande	ריו גראנדה	river / border river	[25.9562, -97.1452]									2052	ריו גרנדה	Rio Grande	Q160636	1639.7	
kima-id-suppressed	repoint-kima-to-incoming	high	"Kima 26523 -> 987007575412405171 is suppressed in NLI; successor is 987007528337405171 ""Bystrowice (Poland)"""			True	"22466 ""ביסטראןןיץ (פולין)"""	987007528337405171	dup-places-diff	kima-id-suppressed	ביסטרוביץ (פולין)	ביסטרוביץ (פולין)	Bystrowice (Poland)	ביסטרוביץ (פולין)	Q5004559	Bystrowice		village of Poland	[49.93207, 22.57223]	987007575412405171	Bistrowitz (Poland)	ביסטרוביץ (פולין)					suppressed	26523	ביסטרוביץ (פולין)	Bistrowitz (Poland)		0.1	
already-disambiguated-in-kima	keep-kima-headings+variant	high	"Kima already holds A as 90663 ""פרדוביצה (צ'כיה : מחוז משנה)"" and B as 90637 ""פרדוביצה (צ'כיה : מחוז)""; NLI's flat Hebrew ""פרדוביצה (צ'כיה : מחוז)"" only needs to stay a variant of A"	פרדוביצה (צ'כיה : מחוז משנה)	פרדוביצה (צ'כיה : מחוז)	True	"90663 ""פרדוביצה (צ'כיה : מחוז משנה)"""	987007480110005171	dup-places-diff	both-live	פרדוביצה (צ'כיה : מחוז)	פרדוביצה (צ'כיה : מחוז)	Pardubice (Czech Republic : Okres)	פרדוביצה (צ'כיה : מחוז)	Q838301	Pardubice District	מחוז משנה פרדוביצה	district of the Czech Republic	[50.08333, 15.75]	987007480109905171	Pardubický kraj (Czech Republic)	מחוז פרדוביצה (צ'כיה)	Q193317	Pardubice Region	region of the Czech Republic	[49.9, 16.2]	live	90637	פרדוביצה (צ'כיה : מחוז)	Pardubický kraj (Czech Republic)		38.1	
distinct-homonym	disambiguate-hebrew-region	medium	"same name, different places None km apart: ""Osterwieck (Germany)"" (Osterwieck) / ""Osterwick (Germany)"" (None)"			False		987007567653605171	dup-places-diff	both-live	אוסטרוויק (גרמניה)	אוסטרוויק (גרמניה)	Osterwieck (Germany)	אוסטרוויק (גרמניה)	Q547619	Osterwieck		urban municipality in Germany	[51.96667, 10.71667]	987007540473305171	Osterwick (Germany)	אוסטרוויק (גרמניה)				[52.01667, 7.2]	live	88363	אוסטרוויק (גרמניה)	Osterwick (Germany)	152882196		
already-disambiguated-in-kima	keep-kima-headings+variant	high	"Kima already holds A as 90700 ""אישיגאקי (יפן:אי)"" and B as 90599 ""אישיגאקי (יפן)""; NLI's flat Hebrew ""אישיגאקי (יפן)"" only needs to stay a variant of A"	אישיגאקי (יפן:אי)	אישיגאקי (יפן)	True	"90700 ""אישיגאקי (יפן:אי)"""	987007557512105171	dup-places-diff	both-live	אישיגאקי (יפן)	אישיגאקי (יפן)	Ishigaki-shi (Japan)	אישיגאקי (יפן)	Q838366	Ishigaki	אישיגאקי	city of Japan	[24.34056, 124.15556]	987007532395305171	Ishigaki Island (Japan)	אישיגאקי (אי) (יפן)	Q714339	Ishigaki Island	island	[24.40333, 124.19361]	live	90599	אישיגאקי (יפן)	Ishigaki Island (Japan)		8.0	
distinct-homonym	disambiguate-hebrew-spelling	high	"different places with one Hebrew form: ""Kaba (Hungary)"" (Q247387 Kaba) / ""Káva (Hungary)"" (Q1123767 Káva), 127.4 km"			False		987007562214205171	dup-places-diff	both-live	קאבה (הונגריה)	קאבה (הונגריה)	Kaba (Hungary)	קאבה (הונגריה)	Q247387	Kaba		town in Hungary	[47.3557, 21.2742]	987007373278105171	Káva (Hungary)	קאבה (הונגריה)	Q1123767	Káva	municipality of Hungary	[47.35, 19.58333]	live	26349	קאבה (הונגריה)	Káva (Hungary)		127.4	
kima-id-suppressed	repoint-kima-to-incoming	high	"Kima 22805 -> 987011102591205171 is suppressed in NLI; successor is 987012803472805171 ""South Sudan""; earlier heading(s): Southern Sudan (Sudan)"			False		987012803472805171	dup-places-diff	kima-id-suppressed	דרום סודאן	דרום סודאן	South Sudan	דרום סודאן	Q958	South Sudan	דרום סודאן	sovereign state / landlocked country / country	[8.0, 30.0]	987011102591205171	South Sudan	דרום סודאן					suppressed	22805	דרום סודאן	South Sudan	Q958	111.2	Southern Sudan (Sudan)
kima-id-suppressed	repoint-kima-to-incoming	high	"Kima 3930 -> 987007561090205171 is suppressed in NLI; successor is 987013170285005171 ""Tibetan Plateau"""			False		987013170285005171	dup-places-diff	kima-id-suppressed	רמת טיבט	רמת טיבט	Tibetan Plateau	רמת טיבט	Q179842	Tibetan Plateau	הרמה הטיבטית	region / plateau	[33.0, 92.0]	987007561090205171	Tibet, Plateau of	רמת טיבט					suppressed	3930	רמת טיבט	Tibet, Plateau of	Q179842	373.0	
heading-drift	update-kima-heading	high	"Kima 1975 already holds this id under ""מפרץ עקבה (ירדן)""; NLI now says ""מפרץ אילת"" — no second record involved"					987007602290105171	dup-variants	kima-unresolved	מפרץ אילת	מפרץ אילת, Khalīj al-ʻAqabah	Aqaba, Gulf of	מפרץ אילת	Q81611	Gulf of Aqaba	מפרץ אילת	bay	[28.75, 34.75]									1975	מפרץ עקבה (ירדן)	Aqaba, Gulf of (Jordan)		0.0	
already-disambiguated-in-kima	keep-kima-headings+variant	high	"Kima already holds A as 90596 ""הורדנה (בלארוס: אובלסט)"" and B as 90646 ""מחוז הורדנה (בלארוס)""; NLI's flat Hebrew ""מחוז הורדנה (בלארוס)"" only needs to stay a variant of A"	הורדנה (בלארוס: אובלסט)	מחוז הורדנה (בלארוס)	True	"90596 ""הורדנה (בלארוס: אובלסט)"""	987007566720805171	dup-places-diff	both-live	מחוז הורדנה (בלארוס)	מחוז הורדנה (בלארוס)	Hrodzenskai︠a︡ voblastsʹ (Belarus)	מחוז הורדנה (בלארוס)					[53.5, 24.5]	987007537806505171	Hrodzenski rai︠o︡n (Belarus)	מחוז הורדנה (בלארוס)	Q1965697	Grodno District	district of Belarus / raion of the Soviet Union	[53.66667, 23.81667]	live	90646	מחוז הורדנה (בלארוס)	Hrodzenski rai︠o︡n (Belarus)		48.8	
kima-id-suppressed	repoint-kima-to-incoming	high	"Kima 12624 -> 987007550425805171 is suppressed in NLI; successor is 987013290993605171 ""Mahili︠o︡ŭskai︠a︡ voblastsʹ (Belarus)"""			False		987013290993605171	dup-places-diff	kima-id-suppressed	מחוז מוהילב (בלארוס)	מחוז מוהילב (בלארוס)	Mahili︠o︡ŭskai︠a︡ voblastsʹ (Belarus)	מחוז מוהילב (בלארוס)	Q189822	Mahilyow Region	מחוז מוהילב	region of Belarus	[54.0, 30.75]	987007550425805171	Mahiliouskaia voblasts (Belarus)	מחוז מוהילב (בלארוס)					suppressed	12624	מחוז מוהילב (בלארוס)	Mahiliouskaia voblasts (Belarus)		38.7	
already-disambiguated-in-kima	keep-kima-headings+variant	high	"Kima already holds A as 90633 ""ליברץ (צ'כיה: מחוז)"" and B as 13601 ""ליברץ (צ'כיה)""; NLI's flat Hebrew ""ליברץ (צ'כיה)"" only needs to stay a variant of A"	ליברץ (צ'כיה: מחוז)	ליברץ (צ'כיה)	True	"90633 ""ליברץ (צ'כיה: מחוז)"""	987007480110605171	dup-places-diff	both-live	ליברץ (צ'כיה)	ליברץ (צ'כיה)	Liberecký kraj (Czech Republic)	ליברץ (צ'כיה)	Q193266	Liberec Region	ליברץ	region of the Czech Republic	[50.7, 15.0]	987007567064405171	Liberec (Czech Republic)	ליברץ (צ'כיה)	Q146351	Liberec	municipality with town privileges in the Czech Republic / statutory city in the Czech Republic / capital of region / district town / municipality of the Czech Republic / municipality with authorized municipal office / big city / Czech municipality with expanded powers	[50.77, 15.05845]	live	13601	ליברץ (צ'כיה)	Liberec (Czech Republic)	Q146351	8.2	
already-disambiguated-in-kima	keep-kima-headings+variant	high	"Kima already holds A as 90621 ""זלין (צ'כיה:מחוז)"" and B as 90680 ""זלין (צ'כיה)""; NLI's flat Hebrew ""זלין (צ'כיה)"" only needs to stay a variant of A"	זלין (צ'כיה:מחוז)	זלין (צ'כיה)	True	"90621 ""זלין (צ'כיה:מחוז)"""	987007479992705171	dup-places-diff	both-live	זלין (צ'כיה)	זלין (צ'כיה)	Zlínský kraj (Czech Republic)	זלין (צ'כיה)	Q192536	Zlín Region	זלין	region of the Czech Republic	[49.2, 17.7]	987007530957905171	Zlín (Czech Republic)	זלין (צ'כיה)	Q171018	Zlín	statutory city in the Czech Republic / municipality with town privileges in the Czech Republic / municipality of the Czech Republic / capital of region / district town / municipality with authorized municipal office / Czech municipality with expanded powers	[49.23306, 17.66694]	live	90680	זלין (צ'כיה)	Zlín (Czech Republic)		4.4	
kima-id-suppressed	repoint-kima-to-incoming	high	"Kima 1398 -> 987007550763305171 is suppressed in NLI; successor is 987014197239905171 ""France, Southern"""			False		987014197239905171	dup-places-diff	kima-id-suppressed	צרפת הדרומית	צרפת הדרומית	France, Southern	צרפת הדרומית					[44.0, 3.75]	987007550763305171	France, Southern	צרפת הדרומית					suppressed	1398	צרפת הדרומית	France, Southern	Q1237299		
heading-drift	update-kima-heading	high	"Kima 9219 already holds this id under ""נורקופינג (שבדיה)""; NLI now says ""נורקופינג (שוודיה)"" — no second record involved"					987007566722805171	dup-variants	kima-unresolved	נורקופינג (שוודיה)	נורקופינג (שוודיה), Norrköping	Norrköping (Sweden)	נורקופינג (שוודיה)	Q25724	Norrköping	נורשפין	urban area in Sweden	[58.57933, 16.14932]									9219	נורקופינג (שבדיה)	Norrköping (Sweden)	Q25724	0.0	
heading-drift	update-kima-heading	high	"Kima 17457 already holds this id under ""קרוז אלטה (ברזיל)""; NLI now says ""קרוז אלטה (ריו גרנדה דו סול, ברזיל)"" — no second record involved"					987007533095205171	dup-variants	kima-unresolved	קרוז אלטה (ריו גרנדה דו סול, ברזיל)	קרוז אלטה (ריו גרנדה דו סול, ברזיל), Vila do Divino Espírito Santo da Cruz Alta	Cruz Alta (Rio Grande do Sul, Brazil)	קרוז אלטה (ריו גרנדה דו סול, ברזיל)	Q985966	Cruz Alta		municipality of Brazil / locality	[-28.63861, -53.60639]									17457	קרוז אלטה (ברזיל)	Cruz Alta (Rio Grande do Sul, Brazil)	Q985966	0.0	
heading-drift	update-kima-heading	high	"Kima 14959 already holds this id under ""מאסינה""; NLI now says ""מאסינה (אימפריה)"" — no second record involved"					987007557670205171	dup-variants	kima-unresolved	מאסינה (אימפריה)	מאסינה (אימפריה), Caliphate of Hamdullāhi	Macina (Empire)	מאסינה (אימפריה)	Q18474422	Macina		frazione	[45.47069, 10.32035]									14959	מאסינה	Macina	Q18474422	0.0	
heading-drift	update-kima-heading	high	"Kima 2436 already holds this id under ""קונוס הדרומי של דרום אמריקה""; NLI now says ""קונוס הדרומי של אמריקה הדרומית"" — no second record involved"					987007560967705171	dup-variants	kima-unresolved	קונוס הדרומי של אמריקה הדרומית	קונוס הדרומי של אמריקה הדרומית, Cono Sur de América	Southern Cone of South America	קונוס הדרומי של אמריקה הדרומית	Q236118	Southern Cone	דרום החרוט	region	[-39.1, -67.9]									2436	קונוס הדרומי של דרום אמריקה	Southern Cone of South America		0.0	
heading-drift	update-kima-heading	high	"Kima 12489 already holds this id under ""וונגן אם אלגוו (גרמניה)""; NLI now says ""וונגן אים אלגוו (גרמניה)"" — no second record involved"					987007552698605171	dup-variants	kima-unresolved	וונגן אים אלגוו (גרמניה)	וונגן אים אלגוו (גרמניה), Wangen im Allgäu	Wangen im Allgäu (Germany)	וונגן אים אלגוו (גרמניה)	Q165015	Wangen im Allgäu		urban municipality in Germany / Greater district town in Baden-Württemberg / small city / medium regional center	[47.68835, 9.81281]									12489	וונגן אם אלגוו (גרמניה)	Wangen im Allgäu (Germany)	Q165015	1.6	
distinct-homonym	disambiguate-hebrew-spelling	high	"different places with one Hebrew form: ""Ardeşen (Turkey)"" (Q588720 Ardeşen) / ""Trabzon (Turkey)"" (Q45301 Trabzon), 107.9 km"			False		987007469750605171	dup-places-diff	both-live	טרבזון (טורקיה)	טרבזון (טורקיה)	Ardeşen (Turkey)	טרבזון (טורקיה)	Q588720	Ardeşen		town	[41.19144, 40.98575]	987007562581305171	Trabzon (Turkey)	טרבזון (טורקיה)	Q45301	Trabzon	metropolitan municipality in Turkey / big city / city	[41.04861, 39.73126]	live	15404	טרבזון (טורקיה)	Trabzon (Turkey)	Q45301	107.9	
same-entity	report-nli-duplicate	high	"both records carry Wikidata Q576339 ""Albaicín"": ""El Albaicín (Granada, Spain)"" / ""Albaicín (Granada, Spain)"""			False		987007473743205171	dup-places-diff	both-live	אלבאיסין (גרנדה, ספרד)	אלבאיסין (גרנדה, ספרד)	El Albaicín (Granada, Spain)	אלבאיסין (גרנדה, ספרד)	Q576339	Albaicín	אלבאיסין	neighborhood / neighborhood	[37.1817, -3.5983]	987007542743705171	Albaicín (Granada, Spain)	אלבאיסין (גרנדה, ספרד)	Q576339	Albaicín	neighborhood / neighborhood	[37.1817, -3.5983]	live	19549	אלבאיסין (גרנדה, ספרד)	Albaicín (Granada, Spain)	Q576339	0.0	
same-entity	report-nli-duplicate	high	"both records carry Wikidata Q2916738 ""Greek Colony"": ""Moshavah ha-Yevanit (Jerusalem, Israel)"" / ""Greek Colony (Jerusalem, Israel)"""			False		987007471773005171	dup-places-diff	both-live	מושבה היוונית (ירושלים, ישראל)	מושבה היוונית (ירושלים, ישראל)	Moshavah ha-Yevanit (Jerusalem, Israel)	מושבה היוונית (ירושלים, ישראל)	Q2916738	Greek Colony	המושבה היוונית	neighborhood	[31.76218, 35.216]	987007477335005171	Greek Colony (Jerusalem, Israel)	מושבה היוונית (ירושלים, ישראל)	Q2916738	Greek Colony	neighborhood	[31.76218, 35.216]	live		מושבה היוונית (ירושלים, ישראל)				
distinct-homonym	disambiguate-hebrew-region	medium	"same name, different places None km apart: ""Hochstätten (Germany)"" (Hochstätten) / ""Hochstetten (Germany)"" (None)"			False		987011060395805171	dup-places-diff	both-live	הוכשטטן (גרמניה)	הוכשטטן (גרמניה)	Hochstätten (Germany)	הוכשטטן (גרמניה)	Q561805	Hochstätten		municipality without town privileges in Germany	[49.76583, 7.8325]	987007467698905171	Hochstetten (Germany)	הוכשטטן (גרמניה)				[49.13333, 8.4]	live	20088	הוכשטטן (גרמניה)	Hochstetten (Germany)			
unresolved	research	low	no Kima place owns the heading or holds the id					987013405241405171	dup-places	kima-unresolved	פלאנס (ספרד)	פלאנס (ספרד)	Planes (Spain)	פלאנס (ספרד)					[38.78333, -0.33333]														
unresolved	research	low	no Kima place owns the heading or holds the id					987007533335605171	dup-places	kima-unresolved	מחוז חרקיב (אוקראינה)	מחוז חרקיב (אוקראינה)	Kharkivsʹkyĭ raĭon (Ukraine)	מחוז חרקיב (אוקראינה)	Q2631924	Kharkiv Raion		former raion of Ukraine	[49.9925, 36.23111]														Kharkivsʹka okruha (Ukraine)
heading-drift	update-kima-heading	high	"Kima 18104 already holds this id under ""ברטעה""; NLI now says ""ברטעה (ישראל ויהודה ושומרון)"" — no second record involved"					987007538140305171	dup-variants	kima-unresolved	ברטעה (ישראל ויהודה ושומרון)	ברטעה (ישראל ויהודה ושומרון), Barṭaʻa	Barṭaʻa (Israel and West Bank)	ברטעה (ישראל ויהודה ושומרון)					[32.46667, 35.08333]									18104	ברטעה	Barṭaʻa			
already-disambiguated-in-kima	keep-kima-headings+variant	high	"Kima already holds A as 90677 ""מינסק (בלארוס:אובלסט)"" and B as 90598 ""מחוז מינסק (בלארוס)""; NLI's flat Hebrew ""מחוז מינסק (בלארוס)"" only needs to stay a variant of A"	מינסק (בלארוס:אובלסט)	מחוז מינסק (בלארוס)	True	"90677 ""מינסק (בלארוס:אובלסט)"""	987007562028305171	dup-places-diff	both-live	מחוז מינסק (בלארוס)	מחוז מינסק (בלארוס)	Minskai︠a︡ voblastsʹ (Belarus)	מחוז מינסק (בלארוס)					[54.0, 28.0]	987007531128305171	Minski rai︠o︡n (Belarus)	מחוז מינסק (בלארוס)	Q1636191	Minsk District	district of Belarus	[53.9, 27.56667]	live	90598	מחוז מינסק (בלארוס)	Minski rai︠o︡n (Belarus)		30.5	
already-disambiguated-in-kima	keep-kima-headings+variant	high	"Kima already holds A as 90645 ""פיוטרקוב (פולין : פרובינציה)"" and B as 27136 ""פיוטרקוב (פולין : מחוז)""; NLI's flat Hebrew ""פיוטרקוב (פולין : מחוז)"" only needs to stay a variant of A"	פיוטרקוב (פולין : פרובינציה)	פיוטרקוב (פולין : מחוז)	True	"90645 ""פיוטרקוב (פולין : פרובינציה)"""	987007564837905171	dup-places-diff	both-live	פיוטרקוב (פולין : מחוז)	פיוטרקוב (פולין : מחוז)	Piotrków Trybunalski (Poland : Voivodeship)	פיוטרקוב (פולין : מחוז)					[51.4, 19.68333]	987007397508205171	Piotrków Trybunalski (Poland : Powiat)	פיוטרקוב (פולין : מחוז)	Q1144105	Piotrków County	powiat	[51.37816, 19.7396]	live	27136	פיוטרקוב (פולין : מחוז)	Piotrków Trybunalski (Poland : Powiat)		0.0	
heading-drift	update-kima-heading	high	"Kima 6415 already holds this id under ""סוז דיצ׳ו (סין)""; NLI now says ""סוז דיקו (סין)"" — no second record involved"					987007550352805171	dup-variants	kima-unresolved	סוז דיקו (סין)	סוז דיקו (סין), Su-chou ti chʻü hsing cheng kung shu	Suzhou Diqu (China)	סוז דיקו (סין)					[31.3, 120.61667]									6415	סוז דיצ׳ו (סין)	Suzhou Diqu (China)			Suzhou Zhuanqu (China)
already-disambiguated-in-kima	keep-kima-headings+variant	high	"Kima already holds A as 90676 ""אאכן (גרמניה : מחוז שלטוני)"" and B as 90704 ""אאכן (גרמניה : מחוז)""; NLI's flat Hebrew ""אאכן (גרמניה : מחוז)"" only needs to stay a variant of A"	אאכן (גרמניה : מחוז שלטוני)	אאכן (גרמניה : מחוז)	True	"90676 ""אאכן (גרמניה : מחוז שלטוני)"""	987007535451305171	dup-places-diff	both-live	אאכן (גרמניה : מחוז)	אאכן (גרמניה : מחוז)	Aachen (Germany : Regierungsbezirk)	אאכן (גרמניה : מחוז)	Q896929	Aachen Government Region		government region of Prussia / government region of North Rhine-Westphalia	[50.83333, 6.33333]	987007564570905171	Aachen (Germany : Landkreis)	אאכן (גרמניה : מחוז)	Q7379734	Aachen	district of Germany	[50.75, 6.25]	live	90704	אאכן (גרמניה : מחוז)	Aachen (Germany : Landkreis)		11.0	
already-disambiguated-in-kima	keep-kima-headings+variant	high	"Kima already holds A as 90687 ""קושאלין (פולין : פרובינציה)"" and B as 90685 ""קושאלין (פולין : מחוז)""; NLI's flat Hebrew ""קושאלין (פולין : מחוז)"" only needs to stay a variant of A"	קושאלין (פולין : פרובינציה)	קושאלין (פולין : מחוז)	True	"90687 ""קושאלין (פולין : פרובינציה)"""	987007552845305171	dup-places-diff	both-live	קושאלין (פולין : מחוז)	קושאלין (פולין : מחוז)	Koszalin (Poland : Voivodeship)	קושאלין (פולין : מחוז)					[54.0, 16.0]	987007535822505171	Koszalin (Poland : Powiat)	קושאלין (פולין : מחוז)	Q302851	Koszalin County	powiat	[54.18333, 16.18333]	live	90685	קושאלין (פולין : מחוז)	Koszalin (Poland : Powiat)		23.6	
pseudo-disambiguated-in-kima	disambiguate-hebrew-tier	high	"Kima holds both (A=83100 ""וימאר (גרמניה : מחוז)"", B=15997 ""ויימאר (גרמניה : מחוז)"") but the headings differ only in spelling/punctuation — still ambiguous"	וימאר (גרמניה : מחוז)	ויימאר (גרמניה : מחוז)	True	"83100 ""וימאר (גרמניה : מחוז)"""	987007557595805171	dup-places-diff	both-live	ויימאר (גרמניה : מחוז)	ויימאר (גרמניה : מחוז)	Weimar (Germany : Landkreis)	ויימאר (גרמניה : מחוז)	Q1787565	Kreis Weimar-Land		subdistrict of the German Democratic Republic / district of Germany	[50.91667, 11.25]	987007557599505171	Weimar (Germany : Stadtkreis)	ויימאר (גרמניה : מחוז)				[50.98333, 11.31667]	live	15997	ויימאר (גרמניה : מחוז)	Weimar (Germany : Stadtkreis)			
distinct-homonym	disambiguate-hebrew-spelling	high	"different places with one Hebrew form: ""Ehningen (Germany)"" (Q314758 Ehningen) / ""Eningen unter Achalm (Germany)"" (Q81423 Eningen unter Achalm), 31.1 km"			False		987007494092005171	dup-places-diff	both-live	אנינגן (גרמניה)	אנינגן (גרמניה)	Ehningen (Germany)	אנינגן (גרמניה)	Q314758	Ehningen		municipality without town privileges in Germany	[48.66667, 8.93333]	987007557723505171	Eningen unter Achalm (Germany)	אנינגן (גרמניה)	Q81423	Eningen unter Achalm	municipality without town privileges in Germany	[48.48306, 9.25222]	live	69527	אנינגן (גרמניה)	Eningen unter Achalm (Germany)	Q81423	31.1	
distinct-homonym	disambiguate-hebrew-region	medium	"same name, different places 552.8 km apart: ""Cherniïv (Ukraine)"" (None) / ""Chernihiv (Ukraine)"" (None)"			False		987007545176905171	dup-places-diff	both-live	צ'רנייב (אוקראינה)	צ'רנייב (אוקראינה)	Cherniïv (Ukraine)	צ'רנייב (אוקראינה)					[48.85, 24.71667]	987007566754005171	Chernihiv (Ukraine)	צ'רנייב (אוקראינה)				[51.49578, 31.29054]	live	9159	צ'רנייב (אוקראינה)	Chernihiv (Ukraine)		552.8	
tier-pair	disambiguate-hebrew-tier	medium	"A ""Cottbus (Germany : Landkreis)"" [district of Prussia] vs B ""Cottbus (Germany : Bezirk)"" [מחוז]"	קוטבוס : נפה	קוטבוס : מחוז	False		987007566933405171	dup-places-diff	both-live	קוטבוס (גרמניה : מחוז)	קוטבוס (גרמניה : מחוז)	Cottbus (Germany : Landkreis)	קוטבוס (גרמניה : מחוז)	Q1803116	Landkreis Cottbus		district of Prussia	[51.75, 14.3]	987007559894905171	Cottbus (Germany : Bezirk)	קוטבוס (גרמניה : מחוז)				[51.75, 14.0]	live	15712	קוטבוס (גרמניה : מחוז)	Cottbus (Germany : Bezirk)			
tier-pair	disambiguate-hebrew-tier	medium	"A ""Bydgoszcz (Poland : Powiat)"" [נפה] vs B ""Bydgoszcz (Poland : Voivodeship)"" [voivodeship of Poland]"	בידגושץ' : נפה	בידגושץ' : מחוז	False		987007550246505171	dup-places-diff	both-live	בידגושץ' (פולין : מחוז)	בידגושץ' (פולין : מחוז)	Bydgoszcz (Poland : Powiat)	בידגושץ' (פולין : מחוז)					[53.25, 17.9]	987007552874605171	Bydgoszcz (Poland : Voivodeship)	בידגושץ' (פולין : מחוז)	Q1935608	Bydgoszcz Voivodeship	voivodeship of Poland	[53.1252, 18.0079]	live	9307	בידגושץ' (פולין : מחוז)	Bydgoszcz (Poland : Voivodeship)		15.6	
tier-pair	disambiguate-hebrew-tier	medium	"A ""Potsdam (Germany : Stadtkreis)"" [עיר] vs B ""Potsdam (Germany : Bezirk)"" [district of the German Democratic Republic]"	פוטסדם : עיר	פוטסדם : מחוז	False		987007557599905171	dup-places-diff	both-live	פוטסדם (גרמניה : מחוז)	פוטסדם (גרמניה : מחוז)	Potsdam (Germany : Stadtkreis)	פוטסדם (גרמניה : מחוז)					[52.4, 13.05]	987007561805305171	Potsdam (Germany : Bezirk)	פוטסדם (גרמניה : מחוז)	Q48094	Potsdam District	district of the German Democratic Republic		live	87539	פוטסדם (גרמניה : מחוז)	Potsdam (Germany : Bezirk)	Q48094	11.6	
heading-drift	update-kima-heading	high	"Kima 19602 already holds this id under ""זירעין""; NLI now says ""זירעין (ישראל)"" — no second record involved"					987007542606405171	dup-variants	kima-unresolved	זירעין (ישראל)	זירעין (ישראל), Zirʻīn	Zirʻin (Israel)	זירעין (ישראל)	Q2899965	Zir'in	זירעין	village / depopulated Palestinian village / human settlement	[32.5575, 35.3278]									19602	זירעין	Zirʻīn	Q2899965	0.0	
kima-id-suppressed	repoint-kima-to-incoming	high	"Kima 89023 -> 987007475207805171 is suppressed in NLI; successor is 987007553952905171 ""Betar (Extinct city) (West Bank)"""			True	"4239 ""ביתר (עיר קדומה)"""	987007553952905171	dup-places-diff	kima-id-suppressed	ביתר (עיר קדומה) (יהודה ושומרון)	ביתר (עיר קדומה) (יהודה ושומרון)	Betar (Extinct city) (West Bank)	ביתר (עיר קדומה) (יהודה ושומרון)	Q637954	Betar	ביתר	archaeological site	[31.73, 35.13556]	987007475207805171	Betar (Extinct city) (West Bank)	ביתר (עיר קדומה) (יהודה ושומרון)					suppressed	89023	ביתר (עיר קדומה) (יהודה ושומרון)	Betar (Extinct city) (West Bank)	Q637954	0.0	
already-disambiguated-in-kima	keep-kima-headings+variant	high	"Kima already holds A as 81810 ""טולכרם (יהודה ושומרון : תת-מחוז)"" and B as 73472 ""טולכרם (יהודה ושומרון)""; NLI's flat Hebrew ""טולכרם (יהודה ושומרון)"" only needs to stay a variant of A"	טולכרם (יהודה ושומרון : תת-מחוז)	טולכרם (יהודה ושומרון)	True	"81810 ""טולכרם (יהודה ושומרון : תת-מחוז)"""	987007567331105171	dup-places-diff	both-live	טולכרם (יהודה ושומרון)	טולכרם (יהודה ושומרון)	Tulkarem (Sub-District) (West Bank)	טולכרם (יהודה ושומרון)	Q5283479	Tulkarm Subdistrict, Mandatory Palestine	נפת טולכרם	subdistrict of Mandatory Palestine	[32.31153, 35.02704]	987007564918505171	Tulkarem (West Bank)	טולכרם (יהודה ושומרון)	Q985531	Tulkarm	big city / Municipality of Palestine type A	[32.31111, 35.03083]	live	73472	טולכרם (יהודה ושומרון)	Tulkarem (West Bank)	Q985531	0.4	
pseudo-disambiguated-in-kima	disambiguate-hebrew-tier	high	"Kima holds both (A=20163 ""סובאלק (פולין, מחוז)"", B=20569 ""סובאלק (פולין : מחוז)"") but the headings differ only in spelling/punctuation — still ambiguous"	סובאלק (פולין, מחוז)	סובאלק (פולין : מחוז)	True	"20163 ""סובאלק (פולין, מחוז)"""	987007487056105171	dup-places-diff	both-live	סובאלק (פולין : מחוז)	סובאלק (פולין : מחוז)	Suwałki (Poland : Powiat)	סובאלק (פולין : מחוז)	Q1135363	Suwałki County		powiat	[54.28513, 22.92913]	987007496663905171	Suvalkskai︠a︡ gubernīi︠a︡ (Poland)	פלך סובאלק (פולין)					live	20569	סובאלק (פולין : מחוז)	Suvalkskai︠a︡ gubernīi︠a︡ (Poland)	Q236083	22.4	
already-disambiguated-in-kima	keep-kima-headings+variant	high	"Kima already holds A as 1069 ""אלבה (אי, איטליה)"" and B as 6326 ""אלבה (איטליה)""; NLI's flat Hebrew ""אלבה (איטליה)"" only needs to stay a variant of A"	אלבה (אי, איטליה)	אלבה (איטליה)	True	"1069 ""אלבה (אי, איטליה)"""	987007533395005171	dup-places-diff	both-live	אלבה (איטליה)	אלבה (איטליה)	Elba (Italy)	אלבה (איטליה)	Q45328	Elba	אלבה	island	[42.78, 10.275]	987007554793005171	Alba (Italy)	אלבה (איטליה)	Q18341	Alba	comune of Italy	[44.7, 8.03472]	live	6326	אלבה (איטליה)	Alba (Italy)	Q18341	279.0	
heading-drift	update-kima-heading	high	"Kima 8054 already holds this id under ""לה קורונה (ספרד)""; NLI now says ""לה קורוניה (ספרד)"" — no second record involved"					987007548042705171	dup-variants	kima-unresolved	לה קורוניה (ספרד)	לה קורוניה (ספרד), Coruña	La Coruña (Spain)	לה קורוניה (ספרד)	Q8757	A Coruña	לה קורוניה	municipality of Galicia	[43.37139, -8.39611]									8054	לה קורונה (ספרד)	La Coruña (Spain)	Q8757	1.2	
heading-drift	update-kima-heading	high	"Kima 3769 already holds this id under ""נהר פאראנה (ברזיל, ארגנטינה)""; NLI now says ""נהר פרנה (ברזיל-ארגנטינה)"" — no second record involved"					987007539018705171	dup-variants	kima-unresolved	נהר פרנה (ברזיל-ארגנטינה)	נהר פרנה (ברזיל-ארגנטינה), Alto Paraná River	Paraná River (Brazil-Argentina)	נהר פרנה (ברזיל-ארגנטינה)	Q127892	Paraná River	פרנה	river / transboundary river	[-33.71667, -59.25]									3769	נהר פאראנה (ברזיל, ארגנטינה)	Paraná River (Brazil-Argentina)	Q127892	1720.7	
heading-drift	update-kima-heading	high	"Kima 90657 already holds this id under ""אסן (חרונינגן, הולנד)""; NLI now says ""אסן (הולנד)"" — no second record involved"					987007524777605171	dup-places	kima-unresolved	אסן (הולנד)	אסן (הולנד)	Essen (Netherlands)	אסן (הולנד)					[53.13959, 6.54895]									90657	אסן (חרונינגן, הולנד)	Essen (Netherlands)		23.4	
already-disambiguated-in-kima	keep-kima-headings+variant	high	"Kima already holds A as 90655 ""בוביניי (איל דה פרנס, צרפת)"" and B as 90698 ""בוביניי (צרפת)""; NLI's flat Hebrew ""בוביניי (צרפת)"" only needs to stay a variant of A"	בוביניי (איל דה פרנס, צרפת)	בוביניי (צרפת)	True	"90655 ""בוביניי (איל דה פרנס, צרפת)"""	987007557862005171	dup-places-diff	both-live	בוביניי (צרפת)	בוביניי (צרפת)	Bobigny (France)	בוביניי (צרפת)	Q154724	Bobigny	בוביני	commune of France	[48.90972, 2.43861]	987007550500105171	Bouvignies (France)	בוביניי (צרפת)				[50.43333, 3.25]	live	90698	בוביניי (צרפת)	Bouvignies (France)		0.0	
heading-drift	update-kima-heading	high	"Kima 15479 already holds this id under ""שוואבן (בוואריה, גרמניה)""; NLI now says ""שוואבן (גרמניה : מחוז)"" — no second record involved"					987007564848605171	dup-places	kima-unresolved	שוואבן (גרמניה : מחוז)	שוואבן (גרמניה : מחוז)	Bayerisch-Schwaben (Germany : Regierungsbezirk)	שוואבן (גרמניה : מחוז)	Q10557	Swabia	שוואביה	Regierungsbezirk / regional district in Bavaria	[48.5, 10.5]									15479	שוואבן (בוואריה, גרמניה)	Bayerisch-Schwaben (Germany : Regierungsbezirk)	Q10557	0.0	
heading-drift	update-kima-heading	high	"Kima 9397 already holds this id under ""ריו דה לה פלטה (מחוז)""; NLI now says ""ריו דה לה פלטה (מלכות משנה)"" — no second record involved"					987007550543905171	dup-variants	kima-unresolved	ריו דה לה פלטה (מלכות משנה)	ריו דה לה פלטה (מלכות משנה), Virreinato del Río de la Plata	Río de la Plata (Viceroyalty)	ריו דה לה פלטה (מלכות משנה)	Q210551	Viceroyalty of the Río de la Plata	מלכות המשנה של ריו דה לה פלטה	viceroyalty of the Spanish Empire	[-34.66667, -58.4]									9397	ריו דה לה פלטה (מחוז)	Río de la Plata (Viceroyalty)		155.9	
distinct-homonym	disambiguate-hebrew-region	medium	"same name, different places 170.0 km apart: ""Lüben (Germany)"" (None) / ""Lübben (Germany)"" (Lübben (Spreewald))"			False		987007494367505171	dup-places-diff	both-live	לובן (גרמניה)	לובן (גרמניה)	Lüben (Germany)	לובן (גרמניה)					[51.4, 16.2]	987007473617305171	Lübben (Germany)	לובן (גרמניה)	Q584815	Lübben (Spreewald)	urban municipality in Germany / district capital	[51.95, 13.9]	live	77512	לובן (גרמניה)	Lübben (Germany)	Q584815	170.0	
heading-drift	update-kima-heading	high	"Kima 8198 already holds this id under ""קניה (מדינה)""; NLI now says ""קניה"" — no second record involved"					987007548045205171	dup-variants	kima-unresolved	קניה	קניה, Kīnyā	Kenya	קניה	Q114	Kenya	קניה	sovereign state / country	[1.0, 38.0]									8198	קניה (מדינה)	Kenya	Q114	100.1	East Africa Protectorate
heading-drift	update-kima-heading	high	"Kima 11640 already holds this id under ""גרליץ (דרזדן, גרמניה)""; NLI now says ""גורליץ (גורליץ, גרמניה)"" — no second record involved"					987007557305105171	dup-variants	kima-unresolved	גורליץ (גורליץ, גרמניה)	גורליץ (גורליץ, גרמניה), Görlitz	Görlitz (Görlitz, Germany)	גורליץ (גורליץ, גרמניה)	Q4077	Görlitz	גרליץ	Greater district town / European City / urban municipality in Germany / border city / town divided by border / district capital	[51.37647, 15.04609]									11640	גרליץ (דרזדן, גרמניה)	Görlitz (Dresden, Germany)	Q4077	25.2	
unresolved	research	low	no Kima place owns the heading or holds the id					987007478060905171	dup-variants	kima-unresolved	דאליין שי (סין)	דאליין שי (סין), Da lian (Liaoning Sheng, China)	Dalian Shi (China)	דאליין שי (סין)					[38.92889, 121.65222]														
unresolved	research	low	no Kima place owns the heading or holds the id					987007566976405171	dup-variants	kima-unresolved	בוהמיה (ממלכה)	בוהמיה (ממלכה), Bohemia	Bohemia (Kingdom)	בוהמיה (ממלכה)	Q686971	Lands of the Bohemian Crown	כתר בוהמיה	historical country / realm / state in the Holy Roman Empire	[50.08333, 14.41667]														
heading-drift	update-kima-heading	high	"Kima 7820 already holds this id under ""ריוניון""; NLI now says ""ראוניון"" — no second record involved"					987007547798105171	dup-variants	kima-unresolved	ראוניון	ראוניון, Département de la Réunion	Réunion	ראוניון	Q17070	Réunion	ראוניון	region of France / overseas department and region of France / dependent territory	[-21.11444, 55.5325]									7820	ריוניון	Réunion	Q17070	0.0	
distinct-homonym	disambiguate-hebrew-spelling	medium	"different places with one Hebrew form: ""Dalʹnevostochnyĭ federalʹnyĭ okrug (Russia)"" (Q41968 Far Eastern Federal District) / ""Russian Far East (Russia)"" (None None), None km"			False		987007496754305171	dup-places-diff	both-live	המזרח הרחוק הרוסי (רוסיה)	המזרח הרחוק הרוסי (רוסיה)	Dalʹnevostochnyĭ federalʹnyĭ okrug (Russia)	המזרח הרחוק הרוסי (רוסיה)	Q41968	Far Eastern Federal District	המזרח הרחוק הרוסי	federal district of Russia	[48.7, 135.2]	987007560867505171	Russian Far East (Russia)	המזרח הרחוק הרוסי (רוסיה)					live	2472	המזרח הרחוק הרוסי (רוסיה)	Russian Far East (Russia)			
unresolved	research	low	no Kima place owns the heading or holds the id					987007535752205171	dup-variants	kima-unresolved	טשביץ' (פולין)	טשביץ' (פולין), Trebisch (Poland)	Trzebicz (Poland)	טשביץ' (פולין)	Q1677609	Trzebicz, Lubusz Voivodeship		village of Poland	[52.81667, 15.75]														
same-entity	report-nli-duplicate	medium	"different Roman names but WD entities co-located: Q2220850 ""Dobrich"" / Q168668 ""Dobrich"""			False		987007567782605171	dup-places-diff	both-live	דובריץ' (בולגריה)	דובריץ' (בולגריה)	Dobrich (Bulgaria)	דובריץ' (בולגריה)	Q2220850	Dobrich		municipality of Bulgaria	[43.567, 27.833]	987007566710505171	Tolbukhin (Bulgaria)	דובריץ' (בולגריה)	Q168668	Dobrich	municipality seat / oblast seat / city in Bulgaria / average city	[43.56667, 27.83333]	live	79349	דובריץ' (בולגריה)	Tolbukhin (Bulgaria)	Q168668	0.5	
kima-id-suppressed	repoint-kima-to-incoming	high	"Kima 7218 -> 987007550348505171 is suppressed in NLI; successor is 987012969512605171 ""China"""			False		987012969512605171	dup-places-diff	kima-id-suppressed	סין	סין	China	סין	Q148	People's Republic of China	הרפובליקה העממית של סין	sovereign state / socialist state / secular state / constitutional republic / people's republic / dictatorship of the proletariat / communist state / country / great power / state with limited recognition	[35.85816, 104.13611]	987007550348505171	China	סין					suppressed	7218	סין	China	Q148	61.7	
heading-drift	update-kima-heading	high	"Kima 18614 already holds this id under ""ויטנם (רפובליקה)""; NLI now says ""וייטנאם (רפובליקה)"" — no second record involved"					987007535664705171	dup-variants	kima-unresolved	וייטנאם (רפובליקה)	וייטנאם (רפובליקה), République du Viet Nam	Vietnam (Republic)	וייטנאם (רפובליקה)	Q180573	South Vietnam	דרום וייטנאם	sovereign state / historical country / country	[10.77694, 106.69528]									18614	ויטנם (רפובליקה)	Vietnam (Republic)		0.0	
already-disambiguated-in-kima	keep-kima-headings+variant	high	"Kima already holds A as 90629 ""ולורה (אלבניה:עיריה)"" and B as 17345 ""ולורה (אלבניה)""; NLI's flat Hebrew ""ולורה (אלבניה)"" only needs to stay a variant of A"	ולורה (אלבניה:עיריה)	ולורה (אלבניה)	True	"90629 ""ולורה (אלבניה:עיריה)"""	987007475702205171	dup-places-diff	both-live	ולורה (אלבניה)	ולורה (אלבניה)	Bashkia e Vlorës (Albania)	ולורה (אלבניה)	Q16350151	Vlorë municipality	ולורה	municipality of Albania	[40.46667, 19.48333]	987007537834005171	Vlorë (Albania)	ולורה (אלבניה)	Q159610	Vlorë	city / average city / human settlement	[40.45081, 19.48151]	live	17345	ולורה (אלבניה)	Vlorë (Albania)	Q159610	1.9	
heading-drift	update-kima-heading	high	"Kima 19742 already holds this id under ""הרובע הלטיני (פריס, צרפת)""; NLI now says ""הרובע הלטיני (פריז, צרפת)"" — no second record involved"					987007542764605171	dup-variants	kima-unresolved	הרובע הלטיני (פריז, צרפת)	הרובע הלטיני (פריז, צרפת), Latin quarter (Paris, France)	Quartier latin (Paris, France)	הרובע הלטיני (פריז, צרפת)	Q321621	Latin Quarter	הרובע הלטיני	neighborhood	[48.85142, 2.34317]									19742	הרובע הלטיני (פריס, צרפת)	Quartier latin (Paris, France)	Q321621	0.2	
heading-drift	update-kima-heading	high	"Kima 14595 already holds this id under ""בורקינה פסו""; NLI now says ""בורקינה פאסו"" — no second record involved"					987007564754305171	dup-variants	kima-unresolved	בורקינה פאסו	בורקינה פאסו, République démocratique du Burkina Faso	Burkina Faso	בורקינה פאסו	Q965	Burkina Faso	בורקינה פאסו	sovereign state / landlocked country / country	[12.26667, -2.06667]									14595	בורקינה פסו	Burkina Faso	Q965	0.0	Upper Volta
unresolved	research	low	no Kima place owns the heading or holds the id					987007550561105171	dup-places	kima-unresolved	מחוז צ'רנוביץ (אוקראינה)	מחוז צ'רנוביץ (אוקראינה)	Chernivet︠s︡ʹka oblastʹ (Ukraine)	מחוז צ'רנוביץ (אוקראינה)	Q168856	Chernivtsi Oblast	מחוז צ'רנוביץ	oblast of Ukraine	[48.25, 26.0]														
heading-drift	update-kima-heading	high	"Kima 9452 already holds this id under ""ויטוריאה (ברזיל)""; NLI now says ""ויטוריאה (אספיריטו סנטו, ברזיל)"" — no second record involved"					987007552782005171	dup-variants	kima-unresolved	ויטוריאה (אספיריטו סנטו, ברזיל)	ויטוריאה (אספיריטו סנטו, ברזיל), Prefeitura Municipal de Vitória	Vitória (Espírito Santo, Brazil)	ויטוריאה (אספיריטו סנטו, ברזיל)	Q168376	Vitória	ויטוריה	municipality of Brazil / big city	[-20.31056, -40.29722]									9452	ויטוריאה (ברזיל)	Vitória (Espírito Santo, Brazil)		0.0	
heading-drift	update-kima-heading	high	"Kima 11954 already holds this id under ""מאיוט""; NLI now says ""מיוט"" — no second record involved"					987007566831305171	dup-variants	kima-unresolved	מיוט	מיוט, Collectivité territoriale de Mayotte	Mayotte	מיוט	Q17063	Mayotte	מיוט	disputed territory / overseas department and region of France / region of France / overseas collectivity of France	[-12.84306, 45.13833]									11954	מאיוט	Mayotte		0.0	
heading-drift	update-kima-heading	high	"Kima 12678 already holds this id under ""גלפגוס, איים""; NLI now says ""איי גלפגוס"" — no second record involved"					987007566814705171	dup-variants	kima-unresolved	איי גלפגוס	איי גלפגוס, Archipiélago de Colón	Galapagos Islands	איי גלפגוס	Q38095	Galapagos Islands	איי גלאפגוס	archipelago / WWF ecoregion	[-0.66667, -90.55]									12678	גלפגוס, איים	Galapagos Islands	Q38095	0.0	
heading-drift	update-kima-heading	high	"Kima 17374 already holds this id under ""אריתראה""; NLI now says ""אריתריאה"" — no second record involved"					987007535457305171	dup-variants	kima-unresolved	אריתריאה	אריתריאה, ʾÉretrā	Eritrea	אריתריאה	Q986	Eritrea	אריתריאה	sovereign state / country	[15.48333, 38.25]									17374	אריתראה	Eritrea	Q986	0.0	Eritrea (Ethiopia)
already-disambiguated-in-kima	keep-kima-headings+variant	high	"Kima already holds A as 90692 ""אוש (קירגיזסטן:אובלסט)"" and B as 14806 ""אוש (קירגיזסטן)""; NLI's flat Hebrew ""אוש (קירגיזסטן)"" only needs to stay a variant of A"	אוש (קירגיזסטן:אובלסט)	אוש (קירגיזסטן)	True	"90692 ""אוש (קירגיזסטן:אובלסט)"""	987007562059705171	dup-places-diff	both-live	אוש (קירגיזסטן)	אוש (קירגיזסטן)	Osh oblasty (Kyrgyzstan)	אוש (קירגיזסטן)	Q231987	Osh Region	אוש	region of Kyrgyzstan	[40.0, 73.0]	987007557660205171	Osh (Kyrgyzstan)	אוש (קירגיזסטן)	Q47282	Osh	city / first-level administrative division / border city / big city	[40.53333, 72.78333]	live	14806	אוש (קירגיזסטן)	Osh (Kyrgyzstan)	Q47282	62.1	
